"subregion","city","population","date","infections","ni_diff","7d_incidence"
"LK Tübingen","Ammerbuch",11302.0,"2020-10-08",65,2.0,17.69598301185631
"LK Tübingen","Bodelshausen",5850.0,"2020-10-08",23,0.0,0.0
"LK Tübingen","Dettenhausen",5390.0,"2020-10-08",17,0.0,0.0
"LK Tübingen","Dußlingen",6241.0,"2020-10-08",44,6.0,96.13843935266785
"LK Tübingen","Gomaringen",9077.0,"2020-10-08",52,4.0,44.067423157430866
"LK Tübingen","Hirrlingen",3135.0,"2020-10-08",32,0.0,0.0
"LK Tübingen","Kirchentelllinsfurt",5642.0,"2020-10-08",28,5.0,88.62105636299185
"LK Tübingen","Kusterdingen",8629.0,"2020-10-08",63,9.0,104.29945532506663
"LK Tübingen","LK",227166.0,"2020-10-08",1603,"",""
"LK Tübingen","Mössingen",20455.0,"2020-10-08",183,5.0,24.443901246638962
"LK Tübingen","Nehren",4376.0,"2020-10-08",23,1.0,22.851919561243143
"LK Tübingen","Neustetten",3715.0,"2020-10-08",56,0.0,0.0
"LK Tübingen","Ofterdingen",5182.0,"2020-10-08",52,0.0,0.0
"LK Tübingen","Rottenburg",43843.0,"2020-10-08",317,4.0,9.123463266656023
"LK Tübingen","Starzach",4335.0,"2020-10-08",14,0.0,0.0
"LK Tübingen","Tübingen",91506.0,"2020-10-08",634,8.0,8.742596113916028
"LK Tübingen","Ammerbuch",11302.0,"2020-10-15",70,5.0,44.239957529640776
"LK Tübingen","Bodelshausen",5850.0,"2020-10-15",24,1.0,17.094017094017094
"LK Tübingen","Dettenhausen",5390.0,"2020-10-15",24,7.0,129.87012987012986
"LK Tübingen","Dußlingen",6241.0,"2020-10-15",61,17.0,272.3922448325589
"LK Tübingen","Gomaringen",9077.0,"2020-10-15",72,20.0,220.33711578715435
"LK Tübingen","Hirrlingen",3135.0,"2020-10-15",34,2.0,63.795853269537474
"LK Tübingen","Kirchentelllinsfurt",5642.0,"2020-10-15",34,6.0,106.34526763559022
"LK Tübingen","Kusterdingen",8629.0,"2020-10-15",71,8.0,92.71062695561479
"LK Tübingen","LK",227166.0,"2020-10-15",1755,"",""
"LK Tübingen","Mössingen",20455.0,"2020-10-15",191,8.0,39.11024199462234
"LK Tübingen","Nehren",4376.0,"2020-10-15",28,5.0,114.25959780621572
"LK Tübingen","Neustetten",3715.0,"2020-10-15",56,0.0,0.0
"LK Tübingen","Ofterdingen",5182.0,"2020-10-15",57,5.0,96.487842531841
"LK Tübingen","Rottenburg",43843.0,"2020-10-15",332,15.0,34.212987249960086
"LK Tübingen","Starzach",4335.0,"2020-10-15",15,1.0,23.06805074971165
"LK Tübingen","Tübingen",91506.0,"2020-10-15",686,52.0,56.82687474045418
"LK Tübingen","Ammerbuch",11302.0,"2020-10-29",78,6.0,53.087949035568926
"LK Tübingen","Bodelshausen",5850.0,"2020-10-29",34,3.0,51.28205128205128
"LK Tübingen","Dettenhausen",5390.0,"2020-10-29",35,5.0,92.76437847866418
"LK Tübingen","Dußlingen",6241.0,"2020-10-29",81,10.0,160.2307322544464
"LK Tübingen","Gomaringen",9077.0,"2020-10-29",87,7.0,77.11799052550401
"LK Tübingen","Hirrlingen",3135.0,"2020-10-29",43,7.0,223.28548644338116
"LK Tübingen","Kirchentelllinsfurt",5642.0,"2020-10-29",40,3.0,53.17263381779511
"LK Tübingen","Kusterdingen",8629.0,"2020-10-29",104,25.0,289.7207092362962
"LK Tübingen","LK",227166.0,"2020-10-29",2205,"",""
"LK Tübingen","Mössingen",20455.0,"2020-10-29",259,44.0,215.10633097042287
"LK Tübingen","Nehren",4376.0,"2020-10-29",34,2.0,45.703839122486286
"LK Tübingen","Neustetten",3715.0,"2020-10-29",61,5.0,134.58950201884252
"LK Tübingen","Ofterdingen",5182.0,"2020-10-29",79,14.0,270.1659590891548
"LK Tübingen","Rottenburg",43843.0,"2020-10-29",382,38.0,86.67290103323222
"LK Tübingen","Starzach",4335.0,"2020-10-29",46,30.0,692.0415224913495
"LK Tübingen","Tübingen",91506.0,"2020-10-29",842,103.0,112.56092496666885
"LK Tübingen","Ammerbuch",11302.0,"2020-11-05",87,9.0,79.63192355335339
"LK Tübingen","Bodelshausen",5850.0,"2020-11-05",38,4.0,68.37606837606837
"LK Tübingen","Dettenhausen",5390.0,"2020-11-05",37,2.0,37.105751391465674
"LK Tübingen","Dußlingen",6241.0,"2020-11-05",87,6.0,96.13843935266785
"LK Tübingen","Gomaringen",9077.0,"2020-11-05",97,10.0,110.16855789357717
"LK Tübingen","Hirrlingen",3135.0,"2020-11-05",45,2.0,63.795853269537474
"LK Tübingen","Kirchentelllinsfurt",5642.0,"2020-11-05",44,4.0,70.89684509039348
"LK Tübingen","Kusterdingen",8629.0,"2020-11-05",114,10.0,115.88828369451848
"LK Tübingen","LK",227166.0,"2020-11-05",2520,"",""
"LK Tübingen","Mössingen",20455.0,"2020-11-05",312,53.0,259.105353214373
"LK Tübingen","Nehren",4376.0,"2020-11-05",41,7.0,159.963436928702
"LK Tübingen","Neustetten",3715.0,"2020-11-05",72,11.0,296.09690444145355
"LK Tübingen","Ofterdingen",5182.0,"2020-11-05",90,11.0,212.27325357005017
"LK Tübingen","Rottenburg",43843.0,"2020-11-05",445,63.0,143.69454644983236
"LK Tübingen","Starzach",4335.0,"2020-11-05",61,15.0,346.02076124567475
"LK Tübingen","Tübingen",91506.0,"2020-11-05",950,108.0,118.02504753786637
"LK Tübingen","Ammerbuch",11302.0,"2020-11-12",103,16.0,141.56786409485048
"LK Tübingen","Bodelshausen",5850.0,"2020-11-12",41,3.0,51.28205128205128
"LK Tübingen","Dettenhausen",5390.0,"2020-11-12",40,3.0,55.65862708719851
"LK Tübingen","Dußlingen",6241.0,"2020-11-12",100,13.0,208.2999519307803
"LK Tübingen","Gomaringen",9077.0,"2020-11-12",105,8.0,88.13484631486173
"LK Tübingen","Hirrlingen",3135.0,"2020-11-12",51,6.0,191.38755980861242
"LK Tübingen","Kirchentelllinsfurt",5642.0,"2020-11-12",51,7.0,124.06947890818859
"LK Tübingen","Kusterdingen",8629.0,"2020-11-12",115,1.0,11.588828369451848
"LK Tübingen","LK",227166.0,"2020-11-12",2803,"",""
"LK Tübingen","Mössingen",20455.0,"2020-11-12",348,36.0,175.99608897580052
"LK Tübingen","Nehren",4376.0,"2020-11-12",46,5.0,114.25959780621572
"LK Tübingen","Neustetten",3715.0,"2020-11-12",76,4.0,107.67160161507401
"LK Tübingen","Ofterdingen",5182.0,"2020-11-12",97,7.0,135.0829795445774
"LK Tübingen","Rottenburg",43843.0,"2020-11-12",518,73.0,166.50320461647243
"LK Tübingen","Starzach",4335.0,"2020-11-12",70,9.0,207.61245674740485
"LK Tübingen","Tübingen",91506.0,"2020-11-12",1042,92.0,100.53985531003431
"LK Tübingen","Ammerbuch",11302.0,"2020-11-19",115,12.0,106.17589807113785
"LK Tübingen","Bodelshausen",5850.0,"2020-11-19",45,4.0,68.37606837606837
"LK Tübingen","Dettenhausen",5390.0,"2020-11-19",45,5.0,92.76437847866418
"LK Tübingen","Dußlingen",6241.0,"2020-11-19",109,9.0,144.20765902900177
"LK Tübingen","Gomaringen",9077.0,"2020-11-19",110,5.0,55.08427894678859
"LK Tübingen","Hirrlingen",3135.0,"2020-11-19",54,3.0,95.69377990430621
"LK Tübingen","Kirchentelllinsfurt",5642.0,"2020-11-19",59,8.0,141.79369018078697
"LK Tübingen","Kusterdingen",8629.0,"2020-11-19",124,9.0,104.29945532506663
"LK Tübingen","LK",227166.0,"2020-11-19",3034,"",""
"LK Tübingen","Mössingen",20455.0,"2020-11-19",376,28.0,136.8858469811782
"LK Tübingen","Nehren",4376.0,"2020-11-19",51,5.0,114.25959780621572
"LK Tübingen","Neustetten",3715.0,"2020-11-19",81,5.0,134.58950201884252
"LK Tübingen","Ofterdingen",5182.0,"2020-11-19",101,4.0,77.19027402547279
"LK Tübingen","Rottenburg",43843.0,"2020-11-19",570,52.0,118.6050224665283
"LK Tübingen","Starzach",4335.0,"2020-11-19",76,6.0,138.4083044982699
"LK Tübingen","Tübingen",91506.0,"2020-11-19",1118,76.0,83.05466308220227
"LK Tübingen","Ammerbuch",11302.0,"2020-11-26",129,14.0,123.87188108299416
"LK Tübingen","Bodelshausen",5850.0,"2020-11-26",47,2.0,34.18803418803419
"LK Tübingen","Dettenhausen",5390.0,"2020-11-26",59,14.0,259.7402597402597
"LK Tübingen","Dußlingen",6241.0,"2020-11-26",115,6.0,96.13843935266785
"LK Tübingen","Gomaringen",9077.0,"2020-11-26",119,9.0,99.15170210421945
"LK Tübingen","Hirrlingen",3135.0,"2020-11-26",55,1.0,31.897926634768737
"LK Tübingen","Kirchentelllinsfurt",5642.0,"2020-11-26",66,7.0,124.06947890818859
"LK Tübingen","Kusterdingen",8629.0,"2020-11-26",128,4.0,46.35531347780739
"LK Tübingen","LK",227166.0,"2020-11-26",3235,"",""
"LK Tübingen","Mössingen",20455.0,"2020-11-26",390,14.0,68.4429234905891
"LK Tübingen","Nehren",4376.0,"2020-11-26",52,1.0,22.851919561243143
"LK Tübingen","Neustetten",3715.0,"2020-11-26",87,6.0,161.50740242261102
"LK Tübingen","Ofterdingen",5182.0,"2020-11-26",103,2.0,38.595137012736394
"LK Tübingen","Rottenburg",43843.0,"2020-11-26",628,58.0,132.29021736651234
"LK Tübingen","Starzach",4335.0,"2020-11-26",78,2.0,46.1361014994233
"LK Tübingen","Tübingen",91506.0,"2020-11-26",1179,61.0,66.6622953686097
"LK Tübingen","Ammerbuch",11302.0,"2020-12-03",138,9.0,79.63192355335339
"LK Tübingen","Bodelshausen",5850.0,"2020-12-03",56,9.0,153.84615384615384
"LK Tübingen","Dettenhausen",5390.0,"2020-12-03",65,6.0,111.31725417439702
"LK Tübingen","Dußlingen",6241.0,"2020-12-03",117,2.0,32.04614645088928
"LK Tübingen","Gomaringen",9077.0,"2020-12-03",136,17.0,187.28654841908119
"LK Tübingen","Hirrlingen",3135.0,"2020-12-03",59,4.0,127.59170653907495
"LK Tübingen","Kirchentelllinsfurt",5642.0,"2020-12-03",66,0.0,0.0
"LK Tübingen","Kusterdingen",8629.0,"2020-12-03",136,8.0,92.71062695561479
"LK Tübingen","LK",227166.0,"2020-12-03",3448,"",""
"LK Tübingen","Mössingen",20455.0,"2020-12-03",410,20.0,97.77560498655585
"LK Tübingen","Nehren",4376.0,"2020-12-03",54,2.0,45.703839122486286
"LK Tübingen","Neustetten",3715.0,"2020-12-03",90,3.0,80.75370121130551
"LK Tübingen","Ofterdingen",5182.0,"2020-12-03",107,4.0,77.19027402547279
"LK Tübingen","Rottenburg",43843.0,"2020-12-03",678,50.0,114.04329083320029
"LK Tübingen","Starzach",4335.0,"2020-12-03",87,9.0,207.61245674740485
"LK Tübingen","Tübingen",91506.0,"2020-12-03",1249,70.0,76.49771599676524
"LK Tübingen","Ammerbuch",11302.0,"2020-12-10",155,17.0,150.41585560077863
"LK Tübingen","Bodelshausen",5850.0,"2020-12-10",61,5.0,85.47008547008546
"LK Tübingen","Dettenhausen",5390.0,"2020-12-10",81,16.0,296.8460111317254
"LK Tübingen","Dußlingen",6241.0,"2020-12-10",120,3.0,48.06921967633392
"LK Tübingen","Gomaringen",9077.0,"2020-12-10",156,20.0,220.33711578715435
"LK Tübingen","Hirrlingen",3135.0,"2020-12-10",64,5.0,159.48963317384369
"LK Tübingen","Kirchentelllinsfurt",5642.0,"2020-12-10",76,10.0,177.2421127259837
"LK Tübingen","Kusterdingen",8629.0,"2020-12-10",143,7.0,81.12179858616294
"LK Tübingen","LK",227166.0,"2020-12-10",3781,"",""
"LK Tübingen","Mössingen",20455.0,"2020-12-10",469,59.0,288.43803471033976
"LK Tübingen","Nehren",4376.0,"2020-12-10",58,4.0,91.40767824497257
"LK Tübingen","Neustetten",3715.0,"2020-12-10",96,6.0,161.50740242261102
"LK Tübingen","Ofterdingen",5182.0,"2020-12-10",110,3.0,57.892705519104595
"LK Tübingen","Rottenburg",43843.0,"2020-12-10",734,56.0,127.72848573318431
"LK Tübingen","Starzach",4335.0,"2020-12-10",102,15.0,346.02076124567475
"LK Tübingen","Tübingen",91506.0,"2020-12-10",1356,107.0,116.93222302362686
"LK Tübingen","Ammerbuch",11302.0,"2020-12-17",180,25.0,221.19978764820388
"LK Tübingen","Bodelshausen",5850.0,"2020-12-17",70,9.0,153.84615384615384
"LK Tübingen","Dettenhausen",5390.0,"2020-12-17",91,10.0,185.52875695732837
"LK Tübingen","Dußlingen",6241.0,"2020-12-17",127,7.0,112.16151257811248
"LK Tübingen","Gomaringen",9077.0,"2020-12-17",176,20.0,220.33711578715435
"LK Tübingen","Hirrlingen",3135.0,"2020-12-17",66,2.0,63.795853269537474
"LK Tübingen","Kirchentelllinsfurt",5642.0,"2020-12-17",100,24.0,425.3810705423609
"LK Tübingen","Kusterdingen",8629.0,"2020-12-17",155,12.0,139.06594043342218
"LK Tübingen","LK",227166.0,"2020-12-17",4232,"",""
"LK Tübingen","Mössingen",20455.0,"2020-12-17",522,53.0,259.105353214373
"LK Tübingen","Nehren",4376.0,"2020-12-17",65,7.0,159.963436928702
"LK Tübingen","Neustetten",3715.0,"2020-12-17",101,5.0,134.58950201884252
"LK Tübingen","Ofterdingen",5182.0,"2020-12-17",117,7.0,135.0829795445774
"LK Tübingen","Rottenburg",43843.0,"2020-12-17",800,66.0,150.53714389982437
"LK Tübingen","Starzach",4335.0,"2020-12-17",113,11.0,253.74855824682814
"LK Tübingen","Tübingen",91506.0,"2020-12-17",1549,193.0,210.91513124822416
"LK Tübingen","Ammerbuch",11302.0,"2020-12-22",198,18.0,159.26384710670678
"LK Tübingen","Bodelshausen",5850.0,"2020-12-22",81,11.0,188.03418803418802
"LK Tübingen","Dettenhausen",5390.0,"2020-12-22",96,5.0,92.76437847866418
"LK Tübingen","Dußlingen",6241.0,"2020-12-22",140,13.0,208.2999519307803
"LK Tübingen","Gomaringen",9077.0,"2020-12-22",188,12.0,132.2022694722926
"LK Tübingen","Hirrlingen",3135.0,"2020-12-22",67,1.0,31.897926634768737
"LK Tübingen","Kirchentelllinsfurt",5642.0,"2020-12-22",117,17.0,301.3115916341723
"LK Tübingen","Kusterdingen",8629.0,"2020-12-22",169,14.0,162.24359717232588
"LK Tübingen","LK",227166.0,"2020-12-22",4660,"",""
"LK Tübingen","Mössingen",20455.0,"2020-12-22",558,36.0,175.99608897580052
"LK Tübingen","Nehren",4376.0,"2020-12-22",71,6.0,137.11151736745887
"LK Tübingen","Neustetten",3715.0,"2020-12-22",103,2.0,53.835800807537005
"LK Tübingen","Ofterdingen",5182.0,"2020-12-22",121,4.0,77.19027402547279
"LK Tübingen","Rottenburg",43843.0,"2020-12-22",909,109.0,248.61437401637662
"LK Tübingen","Starzach",4335.0,"2020-12-22",123,10.0,230.6805074971165
"LK Tübingen","Tübingen",91506.0,"2020-12-22",1719,170.0,185.78016742071557
"LK Tübingen","Ammerbuch",11302.0,"2020-12-27",207,9.0,79.63192355335339
"LK Tübingen","Bodelshausen",5850.0,"2020-12-27",84,3.0,51.28205128205128
"LK Tübingen","Dettenhausen",5390.0,"2020-12-27",96,0.0,0.0
"LK Tübingen","Dußlingen",6241.0,"2020-12-27",145,5.0,80.1153661272232
"LK Tübingen","Gomaringen",9077.0,"2020-12-27",203,15.0,165.25283684036575
"LK Tübingen","Hirrlingen",3135.0,"2020-12-27",71,4.0,127.59170653907495
"LK Tübingen","Kirchentelllinsfurt",5642.0,"2020-12-27",132,15.0,265.86316908897555
"LK Tübingen","Kusterdingen",8629.0,"2020-12-27",191,22.0,254.95422412794065
"LK Tübingen","LK",227166.0,"2020-12-27",4969,"",""
"LK Tübingen","Mössingen",20455.0,"2020-12-27",577,19.0,92.88682473722805
"LK Tübingen","Nehren",4376.0,"2020-12-27",74,3.0,68.55575868372944
"LK Tübingen","Neustetten",3715.0,"2020-12-27",105,2.0,53.835800807537005
"LK Tübingen","Ofterdingen",5182.0,"2020-12-27",126,5.0,96.487842531841
"LK Tübingen","Rottenburg",43843.0,"2020-12-27",977,68.0,155.09887553315238
"LK Tübingen","Starzach",4335.0,"2020-12-27",130,7.0,161.47635524798156
"LK Tübingen","Tübingen",91506.0,"2020-12-27",1851,132.0,144.25283587961445
"LK Tübingen","Ammerbuch",11302.0,"2021-01-03",246,31.0,274.2877366837728
"LK Tübingen","Bodelshausen",5850.0,"2021-01-03",90,6.0,102.56410256410255
"LK Tübingen","Dettenhausen",5390.0,"2021-01-03",97,1.0,18.552875695732837
"LK Tübingen","Dußlingen",6241.0,"2021-01-03",147,1.0,16.02307322544464
"LK Tübingen","Gomaringen",9077.0,"2021-01-03",209,4.0,44.067423157430866
"LK Tübingen","Hirrlingen",3135.0,"2021-01-03",76,3.0,95.69377990430621
"LK Tübingen","Kirchentelllinsfurt",5642.0,"2021-01-03",146,11.0,194.96632399858208
"LK Tübingen","Kusterdingen",8629.0,"2021-01-03",200,6.0,69.53297021671109
"LK Tübingen","LK",227166.0,"2021-01-03",5272,"",""
"LK Tübingen","Mössingen",20455.0,"2021-01-03",595,14.0,68.4429234905891
"LK Tübingen","Nehren",4376.0,"2021-01-03",75,1.0,22.851919561243143
"LK Tübingen","Neustetten",3715.0,"2021-01-03",115,7.0,188.42530282637952
"LK Tübingen","Ofterdingen",5182.0,"2021-01-03",129,3.0,57.892705519104595
"LK Tübingen","Rottenburg",43843.0,"2021-01-03",1077,72.0,164.22233879980843
"LK Tübingen","Starzach",4335.0,"2021-01-03",133,3.0,69.20415224913495
"LK Tübingen","Tübingen",91506.0,"2021-01-03",1937,68.0,74.31206696828623
"LK Tübingen","Ammerbuch",11302.0,"2021-01-07",268,22.0,194.6558131304194
"LK Tübingen","Bodelshausen",5850.0,"2021-01-07",95,5.0,85.47008547008546
"LK Tübingen","Dettenhausen",5390.0,"2021-01-07",97,0.0,0.0
"LK Tübingen","Dußlingen",6241.0,"2021-01-07",147,0.0,0.0
"LK Tübingen","Gomaringen",9077.0,"2021-01-07",210,1.0,11.016855789357717
"LK Tübingen","Hirrlingen",3135.0,"2021-01-07",76,0.0,0.0
"LK Tübingen","Kirchentelllinsfurt",5642.0,"2021-01-07",149,3.0,53.17263381779511
"LK Tübingen","Kusterdingen",8629.0,"2021-01-07",202,2.0,23.177656738903696
"LK Tübingen","LK",227166.0,"2021-01-07",5382,"",""
"LK Tübingen","Mössingen",20455.0,"2021-01-07",599,4.0,19.55512099731117
"LK Tübingen","Nehren",4376.0,"2021-01-07",75,0.0,0.0
"LK Tübingen","Neustetten",3715.0,"2021-01-07",118,3.0,80.75370121130551
"LK Tübingen","Ofterdingen",5182.0,"2021-01-07",130,1.0,19.297568506368197
"LK Tübingen","Rottenburg",43843.0,"2021-01-07",1112,35.0,79.8303035832402
"LK Tübingen","Starzach",4335.0,"2021-01-07",137,4.0,92.2722029988466
"LK Tübingen","Tübingen",91506.0,"2021-01-07",1967,30.0,32.784735427185105
"LK Tübingen","Ammerbuch",11302.0,"2021-01-14",282,14.0,123.87188108299416
"LK Tübingen","Bodelshausen",5850.0,"2021-01-14",100,5.0,85.47008547008546
"LK Tübingen","Dettenhausen",5390.0,"2021-01-14",101,4.0,74.21150278293135
"LK Tübingen","Dußlingen",6241.0,"2021-01-14",147,0.0,0.0
"LK Tübingen","Gomaringen",9077.0,"2021-01-14",212,2.0,22.033711578715433
"LK Tübingen","Hirrlingen",3135.0,"2021-01-14",80,4.0,127.59170653907495
"LK Tübingen","Kirchentelllinsfurt",5642.0,"2021-01-14",159,10.0,177.2421127259837
"LK Tübingen","Kusterdingen",8629.0,"2021-01-14",212,10.0,115.88828369451848
"LK Tübingen","LK",227166.0,"2021-01-14",5611,"",""
"LK Tübingen","Mössingen",20455.0,"2021-01-14",614,15.0,73.33170373991689
"LK Tübingen","Nehren",4376.0,"2021-01-14",79,4.0,91.40767824497257
"LK Tübingen","Neustetten",3715.0,"2021-01-14",128,10.0,269.17900403768505
"LK Tübingen","Ofterdingen",5182.0,"2021-01-14",139,9.0,173.67811655731379
"LK Tübingen","Rottenburg",43843.0,"2021-01-14",1171,59.0,134.57108318317634
"LK Tübingen","Starzach",4335.0,"2021-01-14",141,4.0,92.2722029988466
"LK Tübingen","Tübingen",91506.0,"2021-01-14",2046,79.0,86.33313662492077
"LK Tübingen","Ammerbuch",11302.0,"2021-01-21",285,3.0,26.543974517784463
"LK Tübingen","Bodelshausen",5850.0,"2021-01-21",102,2.0,34.18803418803419
"LK Tübingen","Dettenhausen",5390.0,"2021-01-21",101,0.0,0.0
"LK Tübingen","Dußlingen",6241.0,"2021-01-21",151,4.0,64.09229290177856
"LK Tübingen","Gomaringen",9077.0,"2021-01-21",213,1.0,11.016855789357717
"LK Tübingen","Hirrlingen",3135.0,"2021-01-21",83,3.0,95.69377990430621
"LK Tübingen","Kirchentelllinsfurt",5642.0,"2021-01-21",161,2.0,35.44842254519674
"LK Tübingen","Kusterdingen",8629.0,"2021-01-21",214,2.0,23.177656738903696
"LK Tübingen","LK",227166.0,"2021-01-21",5734,"",""
"LK Tübingen","Mössingen",20455.0,"2021-01-21",630,16.0,78.22048398924468
"LK Tübingen","Nehren",4376.0,"2021-01-21",81,2.0,45.703839122486286
"LK Tübingen","Neustetten",3715.0,"2021-01-21",128,0.0,0.0
"LK Tübingen","Ofterdingen",5182.0,"2021-01-21",145,6.0,115.78541103820919
"LK Tübingen","Rottenburg",43843.0,"2021-01-21",1198,27.0,61.58337704992815
"LK Tübingen","Starzach",4335.0,"2021-01-21",144,3.0,69.20415224913495
"LK Tübingen","Tübingen",91506.0,"2021-01-21",2098,52.0,56.82687474045418
"LK Tübingen","Ammerbuch",11302.0,"2021-01-28",290,5.0,44.239957529640776
"LK Tübingen","Bodelshausen",5850.0,"2021-01-28",107,5.0,85.47008547008546
"LK Tübingen","Dettenhausen",5390.0,"2021-01-28",102,1.0,18.552875695732837
"LK Tübingen","Dußlingen",6241.0,"2021-01-28",152,1.0,16.02307322544464
"LK Tübingen","Gomaringen",9077.0,"2021-01-28",217,4.0,44.067423157430866
"LK Tübingen","Hirrlingen",3135.0,"2021-01-28",90,7.0,223.28548644338116
"LK Tübingen","Kirchentelllinsfurt",5642.0,"2021-01-28",166,5.0,88.62105636299185
"LK Tübingen","Kusterdingen",8629.0,"2021-01-28",219,5.0,57.94414184725924
"LK Tübingen","LK",227166.0,"2021-01-28",5854,"",""
"LK Tübingen","Mössingen",20455.0,"2021-01-28",642,12.0,58.66536299193351
"LK Tübingen","Nehren",4376.0,"2021-01-28",81,0.0,0.0
"LK Tübingen","Neustetten",3715.0,"2021-01-28",128,0.0,0.0
"LK Tübingen","Ofterdingen",5182.0,"2021-01-28",149,4.0,77.19027402547279
"LK Tübingen","Rottenburg",43843.0,"2021-01-28",1213,15.0,34.212987249960086
"LK Tübingen","Starzach",4335.0,"2021-01-28",144,0.0,0.0
"LK Tübingen","Tübingen",91506.0,"2021-01-28",2154,56.0,61.19817279741219
"LK Tübingen","Ammerbuch",11302.0,"2021-02-04",297,7.0,61.93594054149708
"LK Tübingen","Bodelshausen",5850.0,"2021-02-04",109,2.0,34.18803418803419
"LK Tübingen","Dettenhausen",5390.0,"2021-02-04",103,1.0,18.552875695732837
"LK Tübingen","Dußlingen",6241.0,"2021-02-04",154,2.0,32.04614645088928
"LK Tübingen","Gomaringen",9077.0,"2021-02-04",218,1.0,11.016855789357717
"LK Tübingen","Hirrlingen",3135.0,"2021-02-04",90,0.0,0.0
"LK Tübingen","Kirchentelllinsfurt",5642.0,"2021-02-04",171,5.0,88.62105636299185
"LK Tübingen","Kusterdingen",8629.0,"2021-02-04",225,6.0,69.53297021671109
"LK Tübingen","LK",227166.0,"2021-02-04",5940,"",""
"LK Tübingen","Mössingen",20455.0,"2021-02-04",646,4.0,19.55512099731117
"LK Tübingen","Nehren",4376.0,"2021-02-04",82,1.0,22.851919561243143
"LK Tübingen","Neustetten",3715.0,"2021-02-04",131,3.0,80.75370121130551
"LK Tübingen","Ofterdingen",5182.0,"2021-02-04",155,6.0,115.78541103820919
"LK Tübingen","Rottenburg",43843.0,"2021-02-04",1231,18.0,41.05558469995211
"LK Tübingen","Starzach",4335.0,"2021-02-04",145,1.0,23.06805074971165
"LK Tübingen","Tübingen",91506.0,"2021-02-04",2183,29.0,31.6919109129456
"LK Tübingen","Ammerbuch",11302.0,"2021-02-11",298,1.0,8.847991505928155
"LK Tübingen","Bodelshausen",5850.0,"2021-02-11",111,2.0,34.18803418803419
"LK Tübingen","Dettenhausen",5390.0,"2021-02-11",103,0.0,0.0
"LK Tübingen","Dußlingen",6241.0,"2021-02-11",158,4.0,64.09229290177856
"LK Tübingen","Gomaringen",9077.0,"2021-02-11",222,4.0,44.067423157430866
"LK Tübingen","Hirrlingen",3135.0,"2021-02-11",91,1.0,31.897926634768737
"LK Tübingen","Kirchentelllinsfurt",5642.0,"2021-02-11",173,2.0,35.44842254519674
"LK Tübingen","Kusterdingen",8629.0,"2021-02-11",231,6.0,69.53297021671109
"LK Tübingen","LK",227166.0,"2021-02-11",6000,"",""
"LK Tübingen","Mössingen",20455.0,"2021-02-11",651,5.0,24.443901246638962
"LK Tübingen","Nehren",4376.0,"2021-02-11",84,2.0,45.703839122486286
"LK Tübingen","Neustetten",3715.0,"2021-02-11",133,2.0,53.835800807537005
"LK Tübingen","Ofterdingen",5182.0,"2021-02-11",157,2.0,38.595137012736394
"LK Tübingen","Rottenburg",43843.0,"2021-02-11",1241,10.0,22.808658166640058
"LK Tübingen","Starzach",4335.0,"2021-02-11",146,1.0,23.06805074971165
"LK Tübingen","Tübingen",91506.0,"2021-02-11",2201,18.0,19.67084125631106
"LK Tübingen","Ammerbuch",11302.0,"2021-02-18",298,0.0,0.0
"LK Tübingen","Bodelshausen",5850.0,"2021-02-18",115,4.0,68.37606837606837
"LK Tübingen","Dettenhausen",5390.0,"2021-02-18",103,0.0,0.0
"LK Tübingen","Dußlingen",6241.0,"2021-02-18",158,0.0,0.0
"LK Tübingen","Gomaringen",9077.0,"2021-02-18",224,2.0,22.033711578715433
"LK Tübingen","Hirrlingen",3135.0,"2021-02-18",92,1.0,31.897926634768737
"LK Tübingen","Kirchentelllinsfurt",5642.0,"2021-02-18",177,4.0,70.89684509039348
"LK Tübingen","Kusterdingen",8629.0,"2021-02-18",238,7.0,81.12179858616294
"LK Tübingen","LK",227166.0,"2021-02-18",6105,"",""
"LK Tübingen","Mössingen",20455.0,"2021-02-18",665,14.0,68.4429234905891
"LK Tübingen","Nehren",4376.0,"2021-02-18",84,0.0,0.0
"LK Tübingen","Neustetten",3715.0,"2021-02-18",133,0.0,0.0
"LK Tübingen","Ofterdingen",5182.0,"2021-02-18",179,22.0,424.54650714010035
"LK Tübingen","Rottenburg",43843.0,"2021-02-18",1254,13.0,29.651255616632074
"LK Tübingen","Starzach",4335.0,"2021-02-18",147,1.0,23.06805074971165
"LK Tübingen","Tübingen",91506.0,"2021-02-18",2238,37.0,40.434507026861624
"LK Tübingen","Ammerbuch",11302.0,"2021-02-25",302,4.0,35.39196602371262
"LK Tübingen","Bodelshausen",5850.0,"2021-02-25",115,0.0,0.0
"LK Tübingen","Dettenhausen",5390.0,"2021-02-25",103,0.0,0.0
"LK Tübingen","Dußlingen",6241.0,"2021-02-25",158,0.0,0.0
"LK Tübingen","Gomaringen",9077.0,"2021-02-25",229,5.0,55.08427894678859
"LK Tübingen","Hirrlingen",3135.0,"2021-02-25",93,1.0,31.897926634768737
"LK Tübingen","Kirchentelllinsfurt",5642.0,"2021-02-25",184,7.0,124.06947890818859
"LK Tübingen","Kusterdingen",8629.0,"2021-02-25",241,3.0,34.766485108355546
"LK Tübingen","LK",227166.0,"2021-02-25",6193,"",""
"LK Tübingen","Mössingen",20455.0,"2021-02-25",689,24.0,117.33072598386703
"LK Tübingen","Nehren",4376.0,"2021-02-25",85,1.0,22.851919561243143
"LK Tübingen","Neustetten",3715.0,"2021-02-25",135,2.0,53.835800807537005
"LK Tübingen","Ofterdingen",5182.0,"2021-02-25",183,4.0,77.19027402547279
"LK Tübingen","Rottenburg",43843.0,"2021-02-25",1270,16.0,36.49385306662409
"LK Tübingen","Starzach",4335.0,"2021-02-25",149,2.0,46.1361014994233
"LK Tübingen","Tübingen",91506.0,"2021-02-25",2257,19.0,20.763665770550567
"LK Tübingen","Ammerbuch",11302.0,"2021-03-04",305,3.0,26.543974517784463
"LK Tübingen","Bodelshausen",5850.0,"2021-03-04",119,4.0,68.37606837606837
"LK Tübingen","Dettenhausen",5390.0,"2021-03-04",104,1.0,18.552875695732837
"LK Tübingen","Dußlingen",6241.0,"2021-03-04",161,3.0,48.06921967633392
"LK Tübingen","Gomaringen",9077.0,"2021-03-04",230,1.0,11.016855789357717
"LK Tübingen","Hirrlingen",3135.0,"2021-03-04",93,0.0,0.0
"LK Tübingen","Kirchentelllinsfurt",5642.0,"2021-03-04",186,2.0,35.44842254519674
"LK Tübingen","Kusterdingen",8629.0,"2021-03-04",246,5.0,57.94414184725924
"LK Tübingen","LK",227166.0,"2021-03-04",6277,"",""
"LK Tübingen","Mössingen",20455.0,"2021-03-04",705,16.0,78.22048398924468
"LK Tübingen","Nehren",4376.0,"2021-03-04",89,4.0,91.40767824497257
"LK Tübingen","Neustetten",3715.0,"2021-03-04",135,0.0,0.0
"LK Tübingen","Ofterdingen",5182.0,"2021-03-04",186,3.0,57.892705519104595
"LK Tübingen","Rottenburg",43843.0,"2021-03-04",1287,17.0,38.774718883288095
"LK Tübingen","Starzach",4335.0,"2021-03-04",149,0.0,0.0
"LK Tübingen","Tübingen",91506.0,"2021-03-04",2282,25.0,27.320612855987587
"LK Tübingen","Ammerbuch",11302.0,"2021-03-11",308,3.0,26.543974517784463
"LK Tübingen","Bodelshausen",5850.0,"2021-03-11",122,3.0,51.28205128205128
"LK Tübingen","Dettenhausen",5390.0,"2021-03-11",104,0.0,0.0
"LK Tübingen","Dußlingen",6241.0,"2021-03-11",165,4.0,64.09229290177856
"LK Tübingen","Gomaringen",9077.0,"2021-03-11",235,5.0,55.08427894678859
"LK Tübingen","Hirrlingen",3135.0,"2021-03-11",93,0.0,0.0
"LK Tübingen","Kirchentelllinsfurt",5642.0,"2021-03-11",187,1.0,17.72421127259837
"LK Tübingen","Kusterdingen",8629.0,"2021-03-11",246,0.0,0.0
"LK Tübingen","LK",227166.0,"2021-03-11",6359,"",""
"LK Tübingen","Mössingen",20455.0,"2021-03-11",713,8.0,39.11024199462234
"LK Tübingen","Nehren",4376.0,"2021-03-11",91,2.0,45.703839122486286
"LK Tübingen","Neustetten",3715.0,"2021-03-11",136,1.0,26.917900403768503
"LK Tübingen","Ofterdingen",5182.0,"2021-03-11",190,4.0,77.19027402547279
"LK Tübingen","Rottenburg",43843.0,"2021-03-11",1309,22.0,50.179047966608124
"LK Tübingen","Starzach",4335.0,"2021-03-11",152,3.0,69.20415224913495
"LK Tübingen","Tübingen",91506.0,"2021-03-11",2308,26.0,28.41343737022709
"LK Tübingen","Ammerbuch",11302.0,"2021-03-18",319,11.0,97.3279065652097
"LK Tübingen","Bodelshausen",5850.0,"2021-03-18",129,7.0,119.65811965811965
"LK Tübingen","Dettenhausen",5390.0,"2021-03-18",105,1.0,18.552875695732837
"LK Tübingen","Dußlingen",6241.0,"2021-03-18",170,5.0,80.1153661272232
"LK Tübingen","Gomaringen",9077.0,"2021-03-18",238,3.0,33.05056736807315
"LK Tübingen","Hirrlingen",3135.0,"2021-03-18",94,1.0,31.897926634768737
"LK Tübingen","Kirchentelllinsfurt",5642.0,"2021-03-18",187,0.0,0.0
"LK Tübingen","Kusterdingen",8629.0,"2021-03-18",251,5.0,57.94414184725924
"LK Tübingen","LK",227166.0,"2021-03-18",6488,"",""
"LK Tübingen","Mössingen",20455.0,"2021-03-18",719,6.0,29.332681495966757
"LK Tübingen","Nehren",4376.0,"2021-03-18",96,5.0,114.25959780621572
"LK Tübingen","Neustetten",3715.0,"2021-03-18",139,3.0,80.75370121130551
"LK Tübingen","Ofterdingen",5182.0,"2021-03-18",192,2.0,38.595137012736394
"LK Tübingen","Rottenburg",43843.0,"2021-03-18",1361,52.0,118.6050224665283
"LK Tübingen","Starzach",4335.0,"2021-03-18",159,7.0,161.47635524798156
"LK Tübingen","Tübingen",91506.0,"2021-03-18",2329,21.0,22.949314799029572
"LK Tübingen","Ammerbuch",11302.0,"2021-03-25",328,9.0,79.63192355335339
"LK Tübingen","Bodelshausen",5850.0,"2021-03-25",131,2.0,34.18803418803419
"LK Tübingen","Dettenhausen",5390.0,"2021-03-25",105,0.0,0.0
"LK Tübingen","Dußlingen",6241.0,"2021-03-25",178,8.0,128.18458580355713
"LK Tübingen","Gomaringen",9077.0,"2021-03-25",241,3.0,33.05056736807315
"LK Tübingen","Hirrlingen",3135.0,"2021-03-25",96,2.0,63.795853269537474
"LK Tübingen","Kirchentelllinsfurt",5642.0,"2021-03-25",190,3.0,53.17263381779511
"LK Tübingen","Kusterdingen",8629.0,"2021-03-25",254,3.0,34.766485108355546
"LK Tübingen","LK",227166.0,"2021-03-25",6651,"",""
"LK Tübingen","Mössingen",20455.0,"2021-03-25",728,9.0,43.99902224395013
"LK Tübingen","Nehren",4376.0,"2021-03-25",96,0.0,0.0
"LK Tübingen","Neustetten",3715.0,"2021-03-25",146,7.0,188.42530282637952
"LK Tübingen","Ofterdingen",5182.0,"2021-03-25",195,3.0,57.892705519104595
"LK Tübingen","Rottenburg",43843.0,"2021-03-25",1433,72.0,164.22233879980843
"LK Tübingen","Starzach",4335.0,"2021-03-25",169,10.0,230.6805074971165
"LK Tübingen","Tübingen",91506.0,"2021-03-25",2361,32.0,34.97038445566411
"LK Tübingen","Ammerbuch",11302.0,"2021-04-01",344,16.0,141.56786409485048
"LK Tübingen","Bodelshausen",5850.0,"2021-04-01",135,4.0,68.37606837606837
"LK Tübingen","Dettenhausen",5390.0,"2021-04-01",107,2.0,37.105751391465674
"LK Tübingen","Dußlingen",6241.0,"2021-04-01",187,9.0,144.20765902900177
"LK Tübingen","Gomaringen",9077.0,"2021-04-01",243,2.0,22.033711578715433
"LK Tübingen","Hirrlingen",3135.0,"2021-04-01",97,1.0,31.897926634768737
"LK Tübingen","Kirchentelllinsfurt",5642.0,"2021-04-01",197,7.0,124.06947890818859
"LK Tübingen","Kusterdingen",8629.0,"2021-04-01",258,4.0,46.35531347780739
"LK Tübingen","LK",227166.0,"2021-04-01",6965,"",""
"LK Tübingen","Mössingen",20455.0,"2021-04-01",767,39.0,190.6624297237839
"LK Tübingen","Nehren",4376.0,"2021-04-01",97,1.0,22.851919561243143
"LK Tübingen","Neustetten",3715.0,"2021-04-01",154,8.0,215.34320323014802
"LK Tübingen","Ofterdingen",5182.0,"2021-04-01",204,9.0,173.67811655731379
"LK Tübingen","Rottenburg",43843.0,"2021-04-01",1533,100.0,228.08658166640058
"LK Tübingen","Starzach",4335.0,"2021-04-01",176,7.0,161.47635524798156
"LK Tübingen","Tübingen",91506.0,"2021-04-01",2466,105.0,114.74657399514786
"LK Tübingen","Ammerbuch",11302.0,"2021-04-08",353,9.0,79.63192355335339
"LK Tübingen","Bodelshausen",5850.0,"2021-04-08",143,8.0,136.75213675213675
"LK Tübingen","Dettenhausen",5390.0,"2021-04-08",113,6.0,111.31725417439702
"LK Tübingen","Dußlingen",6241.0,"2021-04-08",187,0.0,0.0
"LK Tübingen","Gomaringen",9077.0,"2021-04-08",253,10.0,110.16855789357717
"LK Tübingen","Hirrlingen",3135.0,"2021-04-08",100,3.0,95.69377990430621
"LK Tübingen","Kirchentelllinsfurt",5642.0,"2021-04-08",204,7.0,124.06947890818859
"LK Tübingen","Kusterdingen",8629.0,"2021-04-08",262,4.0,46.35531347780739
"LK Tübingen","LK",227166.0,"2021-04-08",7169,"",""
"LK Tübingen","Mössingen",20455.0,"2021-04-08",782,15.0,73.33170373991689
"LK Tübingen","Nehren",4376.0,"2021-04-08",99,2.0,45.703839122486286
"LK Tübingen","Neustetten",3715.0,"2021-04-08",154,0.0,0.0
"LK Tübingen","Ofterdingen",5182.0,"2021-04-08",211,7.0,135.0829795445774
"LK Tübingen","Rottenburg",43843.0,"2021-04-08",1609,76.0,173.34580206646444
"LK Tübingen","Starzach",4335.0,"2021-04-08",177,1.0,23.06805074971165
"LK Tübingen","Tübingen",91506.0,"2021-04-08",2522,56.0,61.19817279741219
"LK Tübingen","Ammerbuch",11302.0,"2021-04-15",367,14.0,123.87188108299416
"LK Tübingen","Bodelshausen",5850.0,"2021-04-15",146,3.0,51.28205128205128
"LK Tübingen","Dettenhausen",5390.0,"2021-04-15",114,1.0,18.552875695732837
"LK Tübingen","Dußlingen",6241.0,"2021-04-15",203,16.0,256.36917160711425
"LK Tübingen","Gomaringen",9077.0,"2021-04-15",272,19.0,209.32025999779663
"LK Tübingen","Hirrlingen",3135.0,"2021-04-15",105,5.0,159.48963317384369
"LK Tübingen","Kirchentellinsfurt","","2021-04-15",210,6.0,""
"LK Tübingen","Kusterdingen",8629.0,"2021-04-15",270,8.0,92.71062695561479
"LK Tübingen","LK",227166.0,"2021-04-15",7543,337.0,148.34966500268527
"LK Tübingen","Mössingen",20455.0,"2021-04-15",808,26.0,127.1082864825226
"LK Tübingen","Nehren",4376.0,"2021-04-15",106,7.0,159.963436928702
"LK Tübingen","Neustetten",3715.0,"2021-04-15",157,3.0,80.75370121130551
"LK Tübingen","Ofterdingen",5182.0,"2021-04-15",222,11.0,212.27325357005017
"LK Tübingen","Rottenburg",43843.0,"2021-04-15",1776,130.0,296.51255616632073
"LK Tübingen","Starzach",4335.0,"2021-04-15",181,4.0,92.2722029988466
"LK Tübingen","Tübingen",91506.0,"2021-04-15",2606,84.0,91.79725919611829
"LK Tübingen","Ammerbuch",11302.0,"2021-04-22",379,12.0,106.17589807113785
"LK Tübingen","Bodelshausen",5850.0,"2021-04-22",156,10.0,170.94017094017093
"LK Tübingen","Dettenhausen",5390.0,"2021-04-22",114,0.0,0.0
"LK Tübingen","Dußlingen",6241.0,"2021-04-22",220,17.0,272.3922448325589
"LK Tübingen","Gomaringen",9077.0,"2021-04-22",309,37.0,407.6236642062355
"LK Tübingen","Hirrlingen",3135.0,"2021-04-22",109,4.0,127.59170653907495
"LK Tübingen","Kusterdingen",8629.0,"2021-04-22",288,18.0,208.59891065013326
"LK Tübingen","LK",227166.0,"2021-04-22",7693,397.0,174.76206826725831
"LK Tübingen","Mössingen",20455.0,"2021-04-22",848,40.0,195.5512099731117
"LK Tübingen","Nehren",4376.0,"2021-04-22",121,15.0,342.7787934186472
"LK Tübingen","Neustetten",3715.0,"2021-04-22",162,5.0,134.58950201884252
"LK Tübingen","Ofterdingen",5182.0,"2021-04-22",228,6.0,115.78541103820919
"LK Tübingen","Rottenburg",43843.0,"2021-04-22",1869,130.0,296.51255616632073
"LK Tübingen","Starzach",4335.0,"2021-04-22",184,3.0,69.20415224913495
"LK Tübingen","Tübingen",91506.0,"2021-04-22",2706,100.0,109.28245142395035
